data,gain
500,0.2781949074899959
1000,0.08658539622838057
2500,0.05071094881969074
5000,0.0199039776756742
7500,0.005295925026993165
10000,0.001343874484408314
