data,gain
500,0.1728943185149034
1000,0.11193071737149163
2500,0.08278291746194233
5000,0.04609309869696088
7500,0.036935865692835135
10000,0.020514832306416708
