data,gain
500,0.19862625756036784
1000,0.11776557626073325
2500,0.10257103931293043
5000,0.09341452327867139
7500,0.06998790845136615
10000,0.05915904740582867
