data,gain
500,0.30050140314821766
1000,0.10989961077700816
2500,0.06546894348276822
5000,0.03571710394804972
7500,0.0066523761546726234
10000,0.007304384966883015
