data,gain
500,0.14934528155733007
1000,0.30894093117476595
2500,0.2119319832678883
5000,0.17818266144087458
7500,0.16994625880634384
10000,0.17538678081176717
