data,gain
500,0.05184308856615921
1000,0.29280261365141225
2500,0.2020859080277152
5000,0.17402067620771755
7500,0.1855049480453861
10000,0.17312141927330504
