tipe,total_data,foreign_mult,total_foreign_data,max_f1,max_recall,max_precision,max_accuracy
A,11852,0.0,0,0.8709963311738778,0.9042407660738714,0.8720316622691293,0.8731966590736523
B,11852,-1.0,0,0.5798201312072534,0.6990424076607387,0.6186440677966102,0.5937737281700836
C,11852,0.5,5926,0.8848953307882703,0.8905608755129959,0.9029126213592233,0.8861047835990888
C,11852,1.0,11852,0.8926687496225645,0.9220246238030095,0.8915343915343915,0.894457099468489
C,11852,1.5,17778,0.8843530927160598,0.8809849521203831,0.9096045197740112,0.8853454821564161
C,11852,2.0,23704,0.8923665993729688,0.8700410396716827,0.9325513196480938,0.8929384965831435
C,11852,3.0,35556,0.899312393140612,0.8714090287277702,0.9437037037037037,0.8997722095671982
