data,gain
500,0.19956189294912768
1000,0.1041359431651051
2500,0.11733153759564041
5000,0.10224811128583244
7500,0.07616317588511501
10000,0.06876290681406028
