data,gain
500,0.16056351836372218
1000,0.17823350011509753
2500,0.0
5000,0.0
7500,0.0
10000,0.0
