tipe,total_data,foreign_mult,total_foreign_data,max_f1,max_recall,max_precision,max_accuracy
A,12389,0.0,0,0.35938710731456847,0.012444444444444444,0.42424242424242425,0.5347879785920132
B,12389,-1.0,0,0.8936976700004071,0.9342222222222222,0.8510121457489879,0.8937834499794154
C,12389,0.5,6194,0.3669406575781877,0.018666666666666668,0.6,0.5397282832441334
C,12389,1.0,12389,0.6510512102877761,0.38133333333333336,0.8863636363636364,0.6908192671881432
C,12389,1.5,18583,0.7368764827772605,0.5644444444444444,0.8455392809587217,0.7505146150679292
C,12389,2.0,24778,0.6412098349978289,0.3582222222222222,0.909706546275395,0.6862906545903664
C,12389,3.0,37167,0.6233246176026559,0.3893333333333333,0.7474402730375427,0.6562371346233018
