tipe,total_data,foreign_mult,total_foreign_data,max_f1,max_recall,max_precision,max_accuracy
A,12389,0.0,0,0.45400834157000586,0.12711111111111112,0.6327433628318584,0.561547962124331
B,12389,-1.0,0,0.9130292006645442,0.9031111111111111,0.909579230080573,0.9135446685878963
C,12389,0.5,6194,0.412305769925689,0.06755555555555555,0.6972477064220184,0.554549197200494
C,12389,1.0,12389,0.8197298272610285,0.8151111111111111,0.8008733624454148,0.8205022643062989
C,12389,1.5,18583,0.7895778662254631,0.7466666666666667,0.7917059377945335,0.7916838205022643
C,12389,2.0,24778,0.7646763423112579,0.6044444444444445,0.8717948717948718,0.7756278303828736
C,12389,3.0,37167,0.7826413770639673,0.7653333333333333,0.767379679144385,0.7838616714697406
