data,gain
500,0.054725011315118754
1000,0.037481664179051466
2500,0.07089631895925208
5000,0.04259760791340961
7500,0.047192595689128924
10000,0.04003840467405828
