tipe,total_data,foreign_mult,total_foreign_data,max_f1,max_recall,max_precision,max_accuracy
A,12389,0.0,0,0.5046310917981428,0.21066666666666667,0.6286472148541115,0.576780568135035
B,12389,-1.0,0,0.9031380368098161,0.896,0.896,0.9036640592836558
C,12389,0.5,6194,0.8177790344458137,0.728,0.8657505285412262,0.8217373404693289
C,12389,1.0,12389,0.8389459651865605,0.728,0.9171332586786114,0.8435570193495265
C,12389,1.5,18583,0.8532148900169205,0.7777777777777778,0.8974358974358975,0.8559077809798271
C,12389,2.0,24778,0.7451460811707686,0.6328888888888888,0.7902330743618202,0.7521613832853026
