tipe,total_data,foreign_mult,total_foreign_data,max_f1,max_recall,max_precision,max_accuracy
A,9816,0.0,0,0.7953094524523096,0.8062222222222222,0.7654008438818566,0.7958007410456979
B,9816,-1.0,0,0.8906512605042018,0.8782222222222222,0.8860986547085202,0.8913132976533553
C,9816,0.5,4908,0.8226658109558155,0.8435555555555555,0.7888611803823774,0.822972416632359
C,9816,1.0,9816,0.838099378045527,0.824,0.8276785714285714,0.8390284067517497
C,9816,1.5,14724,0.7557647766528841,0.6346666666666667,0.8132118451025057,0.7632770687525731
C,9816,2.0,19632,0.8968029651737457,0.8808888888888889,0.8960216998191681,0.8974886784685056
C,9816,3.0,29448,0.8449594788289583,0.8426666666666667,0.8272251308900523,0.8456154796212433
