tipe,total_data,foreign_mult,total_foreign_data,max_f1,max_recall,max_precision,max_accuracy
A,10981,0.0,0,0.9805825242718447,0.9711538461538461,0.9901960784313726,0.9805825242718447
B,10981,-1.0,0,0.33548387096774196,1.0,0.5048543689320388,0.5048543689320388
C,10981,0.5,5490,0.985436550017674,0.9711538461538461,1.0,0.9854368932038835
C,10981,1.0,10981,0.9805820666902321,0.9759615384615384,0.9854368932038835,0.9805825242718447
C,10981,1.5,16471,1.0,1.0,1.0,1.0
C,10981,2.0,21962,0.9514380009429515,0.9230769230769231,0.9795918367346939,0.9514563106796117
C,10981,3.0,32943,0.9538832234613503,0.9471153846153846,0.9609756097560975,0.9538834951456311
